{
  "num_eval_examples": 9,
  "accuracy": 0.889,
  "labels": [
    "NORMAL_INTERACTION",
    "SPONTANEOUS_FAILURE",
    "TRIGGERED_ANOMALY"
  ],
  "classification_report": {
    "NORMAL_INTERACTION": {
      "precision": 0.8,
      "recall": 1.0,
      "f1-score": 0.8888888888888888,
      "support": 4.0
    },
    "SPONTANEOUS_FAILURE": {
      "precision": 1.0,
      "recall": 1.0,
      "f1-score": 1.0,
      "support": 3.0
    },
    "TRIGGERED_ANOMALY": {
      "precision": 1.0,
      "recall": 0.5,
      "f1-score": 0.6666666666666666,
      "support": 2.0
    },
    "accuracy": 0.8888888888888888,
    "macro avg": {
      "precision": 0.9333333333333332,
      "recall": 0.8333333333333334,
      "f1-score": 0.8518518518518517,
      "support": 9.0
    },
    "weighted avg": {
      "precision": 0.911111111111111,
      "recall": 0.8888888888888888,
      "f1-score": 0.8765432098765431,
      "support": 9.0
    }
  },
  "confusion_matrix": [
    [
      4,
      0,
      0
    ],
    [
      0,
      3,
      0
    ],
    [
      1,
      0,
      1
    ]
  ]
}